旅行社,行程號,旅遊天數,產品名稱,出發日期,價錢,可售位,總團位,星期,備註,報名狀態,是否保證出團,是否促銷,是否額滿,類型,旅程連結,封面圖片連結
澄心誠意澄果旅遊OrangeTour,SS1090308TKA,10,西班牙 七大城 聖家堂 佛朗明哥晚餐秀10日,2019/03/08,63900,0,26,五,,"{'Status': 1, 'Name': '請電洽', 'Url': ''}",False,False,False,團,/EW/GO/GroupDetail.asp?prodCd=SS1090308TKA,/eWeb_asiantour/IMGDB/000055/000057/00003919.JPG
澄心誠意澄果旅遊OrangeTour,SS01190308B,10,超值西葡雙國 巴塞隆納 全覽10天(一內陸段飛機),2019/03/08,66900,0,26,五,額滿,"{'Status': 1, 'Name': '請電洽', 'Url': ''}",False,False,False,團,/EW/GO/GroupDetail.asp?prodCd=SS01190308B,/eweb_asiantour/images/default_demo.jpg
澄心誠意澄果旅遊OrangeTour,0CNX190309FD,5,【亞洲航空】清邁自由行5天-精選酒店(含稅),2019/03/09,13500,20,20,六,,"{'Status': 3, 'Name': '報名', 'Url': '/EW/GO/GroupOrder.asp?prodCd=0CNX190309FD'}",False,False,False,團,/EW/GO/GroupDetail.asp?prodCd=0CNX190309FD,/eWeb_asiantour/IMGDB/000320/00007320.JPG
澄心誠意澄果旅遊OrangeTour,EE1090309QRA,10,銀色 克斯波 雙5星 雙堡 雙國家公園 OUTLET 10天,2019/03/09,59900,31,32,六,,"{'Status': 0, 'Name': '截止', 'Url': ''}",False,False,False,團,/EW/GO/GroupDetail.asp?prodCd=EE1090309QRA,/eWeb_asiantour/IMGDB/000034/000312/00005679.JPG
澄心誠意澄果旅遊OrangeTour,EE1190310HUA,11,春夏超值奧捷斯匈東歐四國全覽11天,2019/03/10,54900,0,24,日,已成團,"{'Status': 1, 'Name': '請電洽', 'Url': ''}",False,False,True,團,/EW/GO/GroupDetail.asp?prodCd=EE1190310HUA,/eWeb_asiantour/IMGDB/000347/000348/000353/00006116.JPG
澄心誠意澄果旅遊OrangeTour,0KIX190311MM,5,大阪自由行5日-樂桃航空,2019/03/11,15000,10,10,一,,"{'Status': 3, 'Name': '報名', 'Url': '/eweb/GO/V_GO_Detail.asp?MGRUP_CD=OSA-7&GRUP_CD=0KIX190311MM&SUB_CD=GO'}",False,False,False,團,/EW/GO/GroupDetail.asp?prodCd=0KIX190311MM,/eWeb_asiantour/IMGDB/000002/000004/00004312.JPG
澄心誠意澄果旅遊OrangeTour,AS0790312ZZA,7,雙城夢幻極光 5+1晚 3次遇見極光,2019/03/12,29900,4,4,二,,"{'Status': 3, 'Name': '報名', 'Url': '/EW/GO/GroupOrder.asp?prodCd=AS0790312ZZA'}",False,False,False,團,/EW/GO/GroupDetail.asp?prodCd=AS0790312ZZA,/eweb_asiantour/images/default_demo.jpg
澄心誠意澄果旅遊OrangeTour,ES0890312CAA,8,一起牽手遊 西班牙 昆卡 聖家堂 OUTLET 8天,2019/03/12,43900,0,27,二,,"{'Status': 0, 'Name': '截止', 'Url': ''}",False,False,True,團,/EW/GO/GroupDetail.asp?prodCd=ES0890312CAA,/eweb_asiantour/images/default_demo.jpg
澄心誠意澄果旅遊OrangeTour,EW1190312HUA,11,Ciao! 義起玩、五漁村、威尼斯、OUELET11天,2019/03/12,54900,0,35,二,額滿,"{'Status': 1, 'Name': '請電洽', 'Url': ''}",False,False,True,團,/EW/GO/GroupDetail.asp?prodCd=EW1190312HUA,/eweb_asiantour/images/default_demo.jpg
澄心誠意澄果旅遊OrangeTour,EW1090312CIA,10,【直飛】冬季Ciao起來! 義大利10天,2019/03/12,72900,0,26,二,,"{'Status': 0, 'Name': '截止', 'Url': ''}",False,False,False,團,/EW/GO/GroupDetail.asp?prodCd=EW1090312CIA,/eweb_asiantour/images/default_demo.jpg
澄心誠意澄果旅遊OrangeTour,0CNX190314FD,4,【亞洲航空】清邁自由行4天-精選酒店(含稅),2019/03/14,12500,20,20,四,,"{'Status': 3, 'Name': '報名', 'Url': '/EW/GO/GroupOrder.asp?prodCd=0CNX190314FD'}",False,False,False,團,/EW/GO/GroupDetail.asp?prodCd=0CNX190314FD,/eWeb_asiantour/IMGDB/000320/00007320.JPG
澄心誠意澄果旅遊OrangeTour,AS0690314ZZA,6,初戀幸福極光 4+1晚 4次遇見極光,2019/03/14,26900,4,4,四,,"{'Status': 3, 'Name': '報名', 'Url': '/EW/GO/GroupOrder.asp?prodCd=AS0690314ZZA'}",False,False,False,團,/EW/GO/GroupDetail.asp?prodCd=AS0690314ZZA,/eweb_asiantour/images/default_demo.jpg
澄心誠意澄果旅遊OrangeTour,BWNBI90314GA,5,汶萊五星帝國酒店．長鼻猴生態５天,2019/03/14,28300,15,16,四,,"{'Status': 3, 'Name': '報名', 'Url': '/EW/GO/GroupOrder.asp?prodCd=BWNBI90314GA&sacctNo=23420481'}",False,False,False,團,/EW/GO/GroupDetail.asp?prodCd=BWNBI90314GA&sacctNo=23420481,/eweb_asiantour/images/default_demo.jpg
澄心誠意澄果旅遊OrangeTour,BWNBI90314GB,5,汶萊五星帝國酒店．烏魯淡武廊國家公園５天,2019/03/14,32800,8,16,四,,"{'Status': 3, 'Name': '報名', 'Url': '/EW/GO/GroupOrder.asp?prodCd=BWNBI90314GB&sacctNo=23420481'}",False,False,False,團,/EW/GO/GroupDetail.asp?prodCd=BWNBI90314GB&sacctNo=23420481,/eweb_asiantour/images/default_demo.jpg
澄心誠意澄果旅遊OrangeTour,OSACX90314PA,5,【前16名收訂優惠1000】三方五湖雪唯美‧美山合掌村.天橋立.越前冬旅五日,2019/03/14,35900,27,28,四,,"{'Status': 3, 'Name': '報名', 'Url': '/EW/GO/GroupOrder.asp?prodCd=OSACX90314PA&sacctNo=23420481'}",False,False,False,團,/EW/GO/GroupDetail.asp?prodCd=OSACX90314PA&sacctNo=23420481,/eweb_asiantour/images/default_demo.jpg
澄心誠意澄果旅遊OrangeTour,AE1190314RJA,11,探索約旦埃及～飄浮死海 佩特拉 悠閒紅海 金字塔 11天,2019/03/14,69900,0,22,四,,"{'Status': 0, 'Name': '截止', 'Url': ''}",False,False,False,團,/EW/GO/GroupDetail.asp?prodCd=AE1190314RJA,/eweb_asiantour/images/default_demo.jpg
澄心誠意澄果旅遊OrangeTour,OSACX90315PA,5,【前16名收訂優惠1000】三方五湖雪唯美‧美山合掌村.天橋立.越前冬旅五日,2019/03/15,35900,27,28,五,,"{'Status': 3, 'Name': '報名', 'Url': '/EW/GO/GroupOrder.asp?prodCd=OSACX90315PA&sacctNo=23420481'}",False,False,False,團,/EW/GO/GroupDetail.asp?prodCd=OSACX90315PA&sacctNo=23420481,/eweb_asiantour/images/default_demo.jpg
澄心誠意澄果旅遊OrangeTour,CMBMH90315GA,9,馬航-珍愛斯里蘭卡全覽9日,2019/03/15,63900,19,20,五,,"{'Status': 3, 'Name': '報名', 'Url': '/EW/GO/GroupOrder.asp?prodCd=CMBMH90315GA&sacctNo=23420481'}",False,False,False,團,/EW/GO/GroupDetail.asp?prodCd=CMBMH90315GA&sacctNo=23420481,/eweb_asiantour/images/default_demo.jpg
澄心誠意澄果旅遊OrangeTour,SS1090315TKA,10,西班牙 七大城 聖家堂 佛朗明哥晚餐秀10日,2019/03/15,63900,0,26,五,,"{'Status': 2, 'Name': '候補', 'Url': '/EW/GO/GroupOrder.asp?prodCd=SS1090315TKA'}",False,False,True,團,/EW/GO/GroupDetail.asp?prodCd=SS1090315TKA,/eWeb_asiantour/IMGDB/000055/000057/00003919.JPG
澄心誠意澄果旅遊OrangeTour,SS01190315B,10,超值西葡雙國 巴塞隆納 全覽10天(一內陸段飛機),2019/03/15,66900,0,26,五,銘謝滿團,"{'Status': 1, 'Name': '請電洽', 'Url': ''}",False,False,True,團,/EW/GO/GroupDetail.asp?prodCd=SS01190315B,/eweb_asiantour/images/default_demo.jpg
澄心誠意澄果旅遊OrangeTour,CEB05190316A,5,台灣虎航-宿霧資生堂島 輕鬆走4+1日,2019/03/16,12900,14,20,六,,"{'Status': 3, 'Name': '報名', 'Url': '/EW/GO/GroupOrder.asp?prodCd=CEB05190316A&sacctNo=70845312'}",False,False,False,團,/EW/GO/GroupDetail.asp?prodCd=CEB05190316A&sacctNo=70845312,http://dcimg.travel.net.tw/70845312/IMGDB/000005/000022/00004569.JPG
澄心誠意澄果旅遊OrangeTour,CEB05190316B,5,台灣虎航-宿霧資生堂島+薄荷島 超值4+1日,2019/03/16,14900,20,20,六,,"{'Status': 3, 'Name': '報名', 'Url': '/EW/GO/GroupOrder.asp?prodCd=CEB05190316B&sacctNo=70845312'}",False,False,False,團,/EW/GO/GroupDetail.asp?prodCd=CEB05190316B&sacctNo=70845312,http://dcimg.travel.net.tw/70845312/IMGDB/000005/000022/00003974.JPG
澄心誠意澄果旅遊OrangeTour,AS0690316ZZA,6,小資奇幻極光 4+1晚 2次遇見極光,2019/03/16,17900,4,4,六,,"{'Status': 3, 'Name': '報名', 'Url': '/EW/GO/GroupOrder.asp?prodCd=AS0690316ZZA'}",False,False,False,團,/EW/GO/GroupDetail.asp?prodCd=AS0690316ZZA,/eweb_asiantour/images/default_demo.jpg
澄心誠意澄果旅遊OrangeTour,CEB05190316C,5,台灣虎航-宿霧薄荷島五星+鯨鯊 全覽4+1日,2019/03/16,19900,17,20,六,,"{'Status': 3, 'Name': '報名', 'Url': '/EW/GO/GroupOrder.asp?prodCd=CEB05190316C&sacctNo=70845312'}",False,False,False,團,/EW/GO/GroupDetail.asp?prodCd=CEB05190316C&sacctNo=70845312,http://dcimg.travel.net.tw/70845312/IMGDB/000005/000022/00003978.JPG
澄心誠意澄果旅遊OrangeTour,BKIMH90316GA,5,迷戀 沙巴美人魚島5日(2人成行),2019/03/16,28000,15,16,六,,"{'Status': 3, 'Name': '報名', 'Url': '/EW/GO/GroupOrder.asp?prodCd=BKIMH90316GA&sacctNo=23420481'}",False,False,False,團,/EW/GO/GroupDetail.asp?prodCd=BKIMH90316GA&sacctNo=23420481,/eweb_asiantour/images/default_demo.jpg
澄心誠意澄果旅遊OrangeTour,OSACX90316PA,5,【前16名收訂優惠1000】三方五湖雪唯美‧美山合掌村.天橋立.越前冬旅五日,2019/03/16,35900,27,28,六,,"{'Status': 3, 'Name': '報名', 'Url': '/EW/GO/GroupOrder.asp?prodCd=OSACX90316PA&sacctNo=23420481'}",False,False,False,團,/EW/GO/GroupDetail.asp?prodCd=OSACX90316PA&sacctNo=23420481,/eweb_asiantour/images/default_demo.jpg
澄心誠意澄果旅遊OrangeTour,ME1190316TKA,11,【直飛】驚艷土耳其 上帝的遺珠、番紅花、洞穴飯店11天 		,2019/03/16,46900,0,27,六,,"{'Status': 1, 'Name': '請電洽', 'Url': ''}",False,False,False,團,/EW/GO/GroupDetail.asp?prodCd=ME1190316TKA,/eweb_asiantour/images/default_demo.jpg
澄心誠意澄果旅遊OrangeTour,CEB06190317A,6,台灣虎航-宿霧資生堂島 輕鬆走5+1日,2019/03/17,15500,18,35,日,,"{'Status': 3, 'Name': '報名', 'Url': '/EW/GO/GroupOrder.asp?prodCd=CEB06190317A&sacctNo=70845312'}",False,False,False,團,/EW/GO/GroupDetail.asp?prodCd=CEB06190317A&sacctNo=70845312,http://dcimg.travel.net.tw/70845312/IMGDB/000005/000022/00003971.JPG
澄心誠意澄果旅遊OrangeTour,KLO05190317F,5,長灘島直飛五日小資-遠航FE,2019/03/17,17900,8,10,日,,"{'Status': 3, 'Name': '報名', 'Url': '/EW/GO/GroupOrder.asp?prodCd=KLO05190317F&sacctNo=70845312'}",False,False,False,團,/EW/GO/GroupDetail.asp?prodCd=KLO05190317F&sacctNo=70845312,http://dcimg.travel.net.tw/70845312/IMGDB/000005/000047/000050/00004870.JPG
澄心誠意澄果旅遊OrangeTour,KLO05190317G,5,長灘島直飛五日超值-遠航FE,2019/03/17,19900,4,4,日,,"{'Status': 3, 'Name': '報名', 'Url': '/EW/GO/GroupOrder.asp?prodCd=KLO05190317G&sacctNo=70845312'}",False,False,False,團,/EW/GO/GroupDetail.asp?prodCd=KLO05190317G&sacctNo=70845312,http://dcimg.travel.net.tw/70845312/IMGDB/000005/000047/000050/00004871.JPG
澄心誠意澄果旅遊OrangeTour,KLO05190317H,5,長灘島直飛五日精選-遠航FE,2019/03/17,21900,4,6,日,,"{'Status': 3, 'Name': '報名', 'Url': '/EW/GO/GroupOrder.asp?prodCd=KLO05190317H&sacctNo=70845312'}",False,False,False,團,/EW/GO/GroupDetail.asp?prodCd=KLO05190317H&sacctNo=70845312,http://dcimg.travel.net.tw/70845312/IMGDB/000005/000047/000050/00004842.JPG
澄心誠意澄果旅遊OrangeTour,HANVN90317GA,5,撼動北越~下龍灣纜車+摩天輪+陸龍灣五日八國聯軍美食+歐巴馬烤肉米線、不進購物站、含稅簽,2019/03/17,24500,16,17,日,,"{'Status': 3, 'Name': '報名', 'Url': '/EW/GO/GroupOrder.asp?prodCd=HANVN90317GA&sacctNo=23420481'}",False,False,False,團,/EW/GO/GroupDetail.asp?prodCd=HANVN90317GA&sacctNo=23420481,/eweb_asiantour/images/default_demo.jpg
澄心誠意澄果旅遊OrangeTour,BKIMH90317GA,5,迷戀 沙巴美人魚島5日(2人成行),2019/03/17,27000,15,16,日,,"{'Status': 3, 'Name': '報名', 'Url': '/EW/GO/GroupOrder.asp?prodCd=BKIMH90317GA&sacctNo=23420481'}",False,False,False,團,/EW/GO/GroupDetail.asp?prodCd=BKIMH90317GA&sacctNo=23420481,/eweb_asiantour/images/default_demo.jpg
澄心誠意澄果旅遊OrangeTour,HANVN90317GB,5,醇品北越～下龍灣海濱別墅、公主號、閒情陸龍灣五日(十人出團)、不進購物站、含稅簽,2019/03/17,27500,16,17,日,,"{'Status': 3, 'Name': '報名', 'Url': '/EW/GO/GroupOrder.asp?prodCd=HANVN90317GB&sacctNo=23420481'}",False,False,False,團,/EW/GO/GroupDetail.asp?prodCd=HANVN90317GB&sacctNo=23420481,/eweb_asiantour/images/default_demo.jpg
澄心誠意澄果旅遊OrangeTour,OSACX90317PA,5,【前16名收訂優惠1000】三方五湖雪唯美‧美山合掌村.天橋立.越前冬旅五日,2019/03/17,35900,27,28,日,,"{'Status': 3, 'Name': '報名', 'Url': '/EW/GO/GroupOrder.asp?prodCd=OSACX90317PA&sacctNo=23420481'}",False,False,False,團,/EW/GO/GroupDetail.asp?prodCd=OSACX90317PA&sacctNo=23420481,/eweb_asiantour/images/default_demo.jpg
澄心誠意澄果旅遊OrangeTour,AE1090317RJA,10,法老王的呼喚 金字塔 紅海度假10天,2019/03/17,50900,0,18,日,額滿,"{'Status': 1, 'Name': '請電洽', 'Url': ''}",False,False,False,團,/EW/GO/GroupDetail.asp?prodCd=AE1090317RJA,/eweb_asiantour/images/default_demo.jpg
澄心誠意澄果旅遊OrangeTour,EE1190317HUA,11,春夏超值奧捷斯匈東歐四國全覽11天,2019/03/17,54900,0,34,日,即將額滿,"{'Status': 1, 'Name': '請電洽', 'Url': ''}",False,False,True,團,/EW/GO/GroupDetail.asp?prodCd=EE1190317HUA,/eWeb_asiantour/IMGDB/000347/000348/000353/00006116.JPG
澄心誠意澄果旅遊OrangeTour,ES1190317EKA,11,摩西來了!西班牙 摩洛哥 直布羅陀 11天,2019/03/17,79900,0,26,日,錯過可惜,"{'Status': 0, 'Name': '截止', 'Url': ''}",False,False,True,團,/EW/GO/GroupDetail.asp?prodCd=ES1190317EKA,/eweb_asiantour/images/default_demo.jpg
澄心誠意澄果旅遊OrangeTour,CEB06190319A,6,台灣虎航-宿霧資生堂島 輕鬆走5+1日,2019/03/19,15500,16,20,二,,"{'Status': 3, 'Name': '報名', 'Url': '/EW/GO/GroupOrder.asp?prodCd=CEB06190319A&sacctNo=70845312'}",False,False,False,團,/EW/GO/GroupDetail.asp?prodCd=CEB06190319A&sacctNo=70845312,http://dcimg.travel.net.tw/70845312/IMGDB/000005/000022/00003971.JPG
澄心誠意澄果旅遊OrangeTour,CEB06190319B,6,台灣虎航-宿霧鯨鯊+薄荷島 超值5+1日,2019/03/19,21500,18,20,二,,"{'Status': 3, 'Name': '報名', 'Url': '/EW/GO/GroupOrder.asp?prodCd=CEB06190319B&sacctNo=70845312'}",False,False,False,團,/EW/GO/GroupDetail.asp?prodCd=CEB06190319B&sacctNo=70845312,http://dcimg.travel.net.tw/70845312/IMGDB/000005/000022/00003974.JPG
澄心誠意澄果旅遊OrangeTour,CEB05190321A,5,台灣虎航-宿霧資生堂島 輕鬆走4+1日,2019/03/21,12900,12,20,四,,"{'Status': 3, 'Name': '報名', 'Url': '/EW/GO/GroupOrder.asp?prodCd=CEB05190321A&sacctNo=70845312'}",False,False,False,團,/EW/GO/GroupDetail.asp?prodCd=CEB05190321A&sacctNo=70845312,http://dcimg.travel.net.tw/70845312/IMGDB/000005/000022/00004569.JPG
澄心誠意澄果旅遊OrangeTour,CEB05190321B,5,台灣虎航-宿霧資生堂島+薄荷島 超值4+1日,2019/03/21,14900,20,20,四,,"{'Status': 3, 'Name': '報名', 'Url': '/EW/GO/GroupOrder.asp?prodCd=CEB05190321B&sacctNo=70845312'}",False,False,False,團,/EW/GO/GroupDetail.asp?prodCd=CEB05190321B&sacctNo=70845312,http://dcimg.travel.net.tw/70845312/IMGDB/000005/000022/00003974.JPG
澄心誠意澄果旅遊OrangeTour,KLO05190321F,5,長灘島直飛五日小資-遠航FE,2019/03/21,15900,4,4,四,,"{'Status': 3, 'Name': '報名', 'Url': '/EW/GO/GroupOrder.asp?prodCd=KLO05190321F&sacctNo=70845312'}",False,True,False,團,/EW/GO/GroupDetail.asp?prodCd=KLO05190321F&sacctNo=70845312,http://dcimg.travel.net.tw/70845312/IMGDB/000005/000047/000050/00004870.JPG
澄心誠意澄果旅遊OrangeTour,KLO05190321G,5,長灘島直飛五日超值-遠航FE,2019/03/21,18900,2,4,四,,"{'Status': 3, 'Name': '報名', 'Url': '/EW/GO/GroupOrder.asp?prodCd=KLO05190321G&sacctNo=70845312'}",False,True,False,團,/EW/GO/GroupDetail.asp?prodCd=KLO05190321G&sacctNo=70845312,http://dcimg.travel.net.tw/70845312/IMGDB/000005/000047/000050/00004871.JPG
澄心誠意澄果旅遊OrangeTour,CEB05190321C,5,台灣虎航-宿霧薄荷島五星+鯨鯊 全覽4+1日,2019/03/21,19900,18,20,四,,"{'Status': 3, 'Name': '報名', 'Url': '/EW/GO/GroupOrder.asp?prodCd=CEB05190321C&sacctNo=70845312'}",False,False,False,團,/EW/GO/GroupDetail.asp?prodCd=CEB05190321C&sacctNo=70845312,http://dcimg.travel.net.tw/70845312/IMGDB/000005/000022/00003978.JPG
澄心誠意澄果旅遊OrangeTour,KLO05190321H,5,長灘島直飛五日精選-遠航FE,2019/03/21,20900,8,12,四,,"{'Status': 3, 'Name': '報名', 'Url': '/EW/GO/GroupOrder.asp?prodCd=KLO05190321H&sacctNo=70845312'}",False,True,False,團,/EW/GO/GroupDetail.asp?prodCd=KLO05190321H&sacctNo=70845312,http://dcimg.travel.net.tw/70845312/IMGDB/000005/000047/000050/00004842.JPG
澄心誠意澄果旅遊OrangeTour,BKIMH90321GA,5,迷戀 沙巴美人魚島5日(2人成行),2019/03/21,28000,15,16,四,,"{'Status': 3, 'Name': '報名', 'Url': '/EW/GO/GroupOrder.asp?prodCd=BKIMH90321GA&sacctNo=23420481'}",False,False,False,團,/EW/GO/GroupDetail.asp?prodCd=BKIMH90321GA&sacctNo=23420481,/eweb_asiantour/images/default_demo.jpg
澄心誠意澄果旅遊OrangeTour,BWNBI90321GA,5,汶萊五星帝國酒店．長鼻猴生態５天,2019/03/21,28300,15,16,四,,"{'Status': 3, 'Name': '報名', 'Url': '/EW/GO/GroupOrder.asp?prodCd=BWNBI90321GA&sacctNo=23420481'}",False,False,False,團,/EW/GO/GroupDetail.asp?prodCd=BWNBI90321GA&sacctNo=23420481,/eweb_asiantour/images/default_demo.jpg
澄心誠意澄果旅遊OrangeTour,BWNBI90321GB,5,汶萊五星帝國酒店．烏魯淡武廊國家公園５天,2019/03/21,32800,15,16,四,,"{'Status': 3, 'Name': '報名', 'Url': '/EW/GO/GroupOrder.asp?prodCd=BWNBI90321GB&sacctNo=23420481'}",False,False,False,團,/EW/GO/GroupDetail.asp?prodCd=BWNBI90321GB&sacctNo=23420481,/eweb_asiantour/images/default_demo.jpg
澄心誠意澄果旅遊OrangeTour,AE1190321RJA,11,探索約旦埃及～飄浮死海 佩特拉 悠閒紅海 金字塔 11天,2019/03/21,69900,0,22,四,,"{'Status': 0, 'Name': '截止', 'Url': ''}",False,False,False,團,/EW/GO/GroupDetail.asp?prodCd=AE1190321RJA,/eweb_asiantour/images/default_demo.jpg
澄心誠意澄果旅遊OrangeTour,KLO05190322A,5,寵愛長灘島五日小資-5J,2019/03/22,21500,2,14,五,,"{'Status': 3, 'Name': '報名', 'Url': '/EW/GO/GroupOrder.asp?prodCd=KLO05190322A&sacctNo=70845312'}",False,False,False,團,/EW/GO/GroupDetail.asp?prodCd=KLO05190322A&sacctNo=70845312,http://dcimg.travel.net.tw/70845312/IMGDB/000005/000047/000050/00004870.JPG
澄心誠意澄果旅遊OrangeTour,KLO05190322B,5,寵愛長灘島五日超值-5J,2019/03/22,23700,2,2,五,,"{'Status': 3, 'Name': '報名', 'Url': '/EW/GO/GroupOrder.asp?prodCd=KLO05190322B&sacctNo=70845312'}",False,False,False,團,/EW/GO/GroupDetail.asp?prodCd=KLO05190322B&sacctNo=70845312,http://dcimg.travel.net.tw/70845312/IMGDB/000005/000047/000050/00004871.JPG
澄心誠意澄果旅遊OrangeTour,KLO05190322C,5,寵愛長灘島五日精選-5J,2019/03/22,25900,2,2,五,,"{'Status': 3, 'Name': '報名', 'Url': '/EW/GO/GroupOrder.asp?prodCd=KLO05190322C&sacctNo=70845312'}",False,False,False,團,/EW/GO/GroupDetail.asp?prodCd=KLO05190322C&sacctNo=70845312,http://dcimg.travel.net.tw/70845312/IMGDB/000005/000047/000050/00004842.JPG
澄心誠意澄果旅遊OrangeTour,CMBMH90322GA,9,馬航-珍愛斯里蘭卡全覽9日,2019/03/22,63900,19,20,五,,"{'Status': 3, 'Name': '報名', 'Url': '/EW/GO/GroupOrder.asp?prodCd=CMBMH90322GA&sacctNo=23420481'}",False,False,False,團,/EW/GO/GroupDetail.asp?prodCd=CMBMH90322GA&sacctNo=23420481,/eweb_asiantour/images/default_demo.jpg
澄心誠意澄果旅遊OrangeTour,SS1090322TKA,10,西班牙 七大城 聖家堂 佛朗明哥晚餐秀10日,2019/03/22,65900,0,26,五,,"{'Status': 2, 'Name': '候補', 'Url': '/EW/GO/GroupOrder.asp?prodCd=SS1090322TKA'}",False,False,True,團,/EW/GO/GroupDetail.asp?prodCd=SS1090322TKA,/eWeb_asiantour/IMGDB/000055/000057/00003919.JPG
澄心誠意澄果旅遊OrangeTour,SS01190322B,10,超值西葡雙國 巴塞隆納 全覽10天(一內陸段飛機),2019/03/22,68900,0,26,五,銘謝滿團,"{'Status': 1, 'Name': '請電洽', 'Url': ''}",False,False,True,團,/EW/GO/GroupDetail.asp?prodCd=SS01190322B,/eweb_asiantour/images/default_demo.jpg
澄心誠意澄果旅遊OrangeTour,CEB05190323A,5,台灣虎航-宿霧資生堂島 輕鬆走4+1日,2019/03/23,12900,5,7,六,,"{'Status': 3, 'Name': '報名', 'Url': '/EW/GO/GroupOrder.asp?prodCd=CEB05190323A&sacctNo=70845312'}",False,False,False,團,/EW/GO/GroupDetail.asp?prodCd=CEB05190323A&sacctNo=70845312,http://dcimg.travel.net.tw/70845312/IMGDB/000005/000022/00004569.JPG
澄心誠意澄果旅遊OrangeTour,0CNX190323FD,5,【亞洲航空】清邁自由行5天-精選酒店(含稅),2019/03/23,13500,20,20,六,,"{'Status': 3, 'Name': '報名', 'Url': '/EW/GO/GroupOrder.asp?prodCd=0CNX190323FD'}",False,False,False,團,/EW/GO/GroupDetail.asp?prodCd=0CNX190323FD,/eWeb_asiantour/IMGDB/000320/00007320.JPG
澄心誠意澄果旅遊OrangeTour,CEB05190323B,5,台灣虎航-宿霧資生堂島+薄荷島 超值4+1日,2019/03/23,14900,20,20,六,,"{'Status': 3, 'Name': '報名', 'Url': '/EW/GO/GroupOrder.asp?prodCd=CEB05190323B&sacctNo=70845312'}",False,False,False,團,/EW/GO/GroupDetail.asp?prodCd=CEB05190323B&sacctNo=70845312,http://dcimg.travel.net.tw/70845312/IMGDB/000005/000022/00003974.JPG
澄心誠意澄果旅遊OrangeTour,OSACX90323PB,5,【前16名收訂優惠1000關西櫻之物語‧京都賞櫻.大阪城.銀閣寺粉戀五日,2019/03/23,36900,27,28,六,,"{'Status': 3, 'Name': '報名', 'Url': '/EW/GO/GroupOrder.asp?prodCd=OSACX90323PB&sacctNo=23420481'}",False,False,False,團,/EW/GO/GroupDetail.asp?prodCd=OSACX90323PB&sacctNo=23420481,/eweb_asiantour/images/default_demo.jpg
澄心誠意澄果旅遊OrangeTour,OSACX90323PA,5,【前16名收訂者優惠1千】【旗艦東瀛】三都春櫻序‧奈良.梅花鹿公園.琵琶湖.海津大崎風雅五日,2019/03/23,39900,27,28,六,,"{'Status': 3, 'Name': '報名', 'Url': '/EW/GO/GroupOrder.asp?prodCd=OSACX90323PA&sacctNo=23420481'}",False,False,False,團,/EW/GO/GroupDetail.asp?prodCd=OSACX90323PA&sacctNo=23420481,http://dcimg.travel.net.tw/23420481/IMGDB/000519/00005313.JPG
澄心誠意澄果旅遊OrangeTour,EE1090323QRA,10,銀色 克斯波 雙5星 雙堡 雙國家公園 OUTLET 10天,2019/03/23,59900,0,34,六,,"{'Status': 1, 'Name': '請電洽', 'Url': ''}",False,False,True,團,/EW/GO/GroupDetail.asp?prodCd=EE1090323QRA,/eWeb_asiantour/IMGDB/000034/000312/00005679.JPG
澄心誠意澄果旅遊OrangeTour,0KMQ190324IT,5,金澤一夜情虎航小松機票五日,2019/03/24,12888,10,10,日,,"{'Status': 3, 'Name': '報名', 'Url': '/eweb/GO/V_GO_Detail.asp?MGRUP_CD=KMQ-7&GRUP_CD=0KMQ190324IT&SUB_CD=GO'}",False,False,False,團,/EW/GO/GroupDetail.asp?prodCd=0KMQ190324IT,/eWeb_asiantour/IMGDB/000002/000005/00007291.JPG
澄心誠意澄果旅遊OrangeTour,OKACI90324SF,4,《沖繩好好玩》玩翻沖繩四日～海洋博．古宇利．OUTLET．瀨長島＜晚去晚回＞★現金優惠價不含稅,2019/03/24,14388,24,25,日,,"{'Status': 3, 'Name': '報名', 'Url': '/EW/GO/GroupOrder.asp?prodCd=OKACI90324SF&sacctNo=23420481'}",False,False,False,團,/EW/GO/GroupDetail.asp?prodCd=OKACI90324SF&sacctNo=23420481,http://dcimg.travel.net.tw/23420481/IMGDB/000596/00005734.JPG
澄心誠意澄果旅遊OrangeTour,CEB06190324A,6,台灣虎航-宿霧資生堂島 輕鬆走5+1日,2019/03/24,15500,6,6,日,,"{'Status': 3, 'Name': '報名', 'Url': '/EW/GO/GroupOrder.asp?prodCd=CEB06190324A&sacctNo=70845312'}",False,False,False,團,/EW/GO/GroupDetail.asp?prodCd=CEB06190324A&sacctNo=70845312,http://dcimg.travel.net.tw/70845312/IMGDB/000005/000022/00003971.JPG
澄心誠意澄果旅遊OrangeTour,OKACI90324TS,4,《沖繩好好玩》沖繩GO歡樂四日～美國村．海洋博．永旺夢樂城．OUTLET【現金優惠價】晚去晚回,2019/03/24,20388,24,25,日,,"{'Status': 3, 'Name': '報名', 'Url': '/EW/GO/GroupOrder.asp?prodCd=OKACI90324TS&sacctNo=23420481'}",False,False,False,團,/EW/GO/GroupDetail.asp?prodCd=OKACI90324TS&sacctNo=23420481,http://dcimg.travel.net.tw/23420481/IMGDB/000668/00015832.JPG
澄心誠意澄果旅遊OrangeTour,OKACI90324GP,4,《沖繩好好玩》HAPPY GO四日～海洋博．萬座毛．瀨長島．A級飯店＜華航晚去晚回＞,2019/03/24,21888,24,25,日,,"{'Status': 3, 'Name': '報名', 'Url': '/EW/GO/GroupOrder.asp?prodCd=OKACI90324GP&sacctNo=23420481'}",False,False,False,團,/EW/GO/GroupDetail.asp?prodCd=OKACI90324GP&sacctNo=23420481,http://dcimg.travel.net.tw/23420481/IMGDB/000668/00015831.JPG
澄心誠意澄果旅遊OrangeTour,CEB06190324C,6,台灣虎航-宿霧薄荷島2晚五星飯店 尊爵5+1日,2019/03/24,25500,4,4,日,,"{'Status': 3, 'Name': '報名', 'Url': '/EW/GO/GroupOrder.asp?prodCd=CEB06190324C&sacctNo=70845312'}",False,False,False,團,/EW/GO/GroupDetail.asp?prodCd=CEB06190324C&sacctNo=70845312,http://dcimg.travel.net.tw/70845312/IMGDB/000005/000022/00002493.JPG
澄心誠意澄果旅遊OrangeTour,OKACI90324GH,4,《沖繩好好玩》HI翻沖繩四日～海洋博公園．古宇利大橋．古宇利海洋塔～A級飯店A級享樂【華航晚去晚回】,2019/03/24,25888,24,25,日,,"{'Status': 3, 'Name': '報名', 'Url': '/EW/GO/GroupOrder.asp?prodCd=OKACI90324GH&sacctNo=23420481'}",False,False,False,團,/EW/GO/GroupDetail.asp?prodCd=OKACI90324GH&sacctNo=23420481,http://dcimg.travel.net.tw/23420481/IMGDB/000596/00005734.JPG
澄心誠意澄果旅遊OrangeTour,PPS05190324A,5,巴拉望超值五日-FE直飛,2019/03/24,26300,6,8,日,,"{'Status': 3, 'Name': '報名', 'Url': '/EW/GO/GroupOrder.asp?prodCd=PPS05190324A&sacctNo=70845312'}",False,False,False,團,/EW/GO/GroupDetail.asp?prodCd=PPS05190324A&sacctNo=70845312,http://dcimg.travel.net.tw/70845312/IMGDB/000005/000072/000073/00001717.JPG
澄心誠意澄果旅遊OrangeTour,OSACX90324PB,5,【前16名收訂優惠1000關西櫻之物語‧京都賞櫻.大阪城.銀閣寺粉戀五日,2019/03/24,36900,27,28,日,,"{'Status': 3, 'Name': '報名', 'Url': '/EW/GO/GroupOrder.asp?prodCd=OSACX90324PB&sacctNo=23420481'}",False,False,False,團,/EW/GO/GroupDetail.asp?prodCd=OSACX90324PB&sacctNo=23420481,/eweb_asiantour/images/default_demo.jpg
澄心誠意澄果旅遊OrangeTour,BWNBI90325GA,5,汶萊五星帝國酒店．長鼻猴生態５天,2019/03/25,28300,15,16,一,,"{'Status': 3, 'Name': '報名', 'Url': '/EW/GO/GroupOrder.asp?prodCd=BWNBI90325GA&sacctNo=23420481'}",False,False,False,團,/EW/GO/GroupDetail.asp?prodCd=BWNBI90325GA&sacctNo=23420481,/eweb_asiantour/images/default_demo.jpg
澄心誠意澄果旅遊OrangeTour,BWNBI90325GB,5,汶萊五星帝國酒店．烏魯淡武廊國家公園５天,2019/03/25,32800,15,16,一,,"{'Status': 3, 'Name': '報名', 'Url': '/EW/GO/GroupOrder.asp?prodCd=BWNBI90325GB&sacctNo=23420481'}",False,False,False,團,/EW/GO/GroupDetail.asp?prodCd=BWNBI90325GB&sacctNo=23420481,/eweb_asiantour/images/default_demo.jpg
澄心誠意澄果旅遊OrangeTour,EE1090325QRA,10,銀色 克斯波 雙5星 雙堡 雙國家公園 OUTLET 10天,2019/03/25,59900,0,39,一,,"{'Status': 1, 'Name': '請電洽', 'Url': ''}",False,False,True,團,/EW/GO/GroupDetail.asp?prodCd=EE1090325QRA,/eWeb_asiantour/IMGDB/000034/000312/00005679.JPG
澄心誠意澄果旅遊OrangeTour,0HKG190326ZZ,3,香港盛世酒店自由行3天(含稅價)),2019/03/26,9999,10,10,二,,"{'Status': 3, 'Name': '報名', 'Url': '/eweb/GO/V_GO_Detail.asp?MGRUP_CD=HKG-194&GRUP_CD=0HKG190326ZZ&SUB_CD=GO'}",False,False,False,團,/EW/GO/GroupDetail.asp?prodCd=0HKG190326ZZ,/eWeb_asiantour/IMGDB/000293/00007282.JPG
澄心誠意澄果旅遊OrangeTour,BKIMH90326GA,5,迷戀 沙巴美人魚島5日(2人成行),2019/03/26,27000,15,16,二,,"{'Status': 3, 'Name': '報名', 'Url': '/EW/GO/GroupOrder.asp?prodCd=BKIMH90326GA&sacctNo=23420481'}",False,False,False,團,/EW/GO/GroupDetail.asp?prodCd=BKIMH90326GA&sacctNo=23420481,/eweb_asiantour/images/default_demo.jpg
澄心誠意澄果旅遊OrangeTour,AS0790326ZZA,7,雙城夢幻極光 5+1晚 3次遇見極光,2019/03/26,29900,4,4,二,,"{'Status': 3, 'Name': '報名', 'Url': '/EW/GO/GroupOrder.asp?prodCd=AS0790326ZZA'}",False,False,False,團,/EW/GO/GroupDetail.asp?prodCd=AS0790326ZZA,/eweb_asiantour/images/default_demo.jpg
澄心誠意澄果旅遊OrangeTour,0HKG190327ZZ,3,香港盛世酒店自由行3天(含稅價)),2019/03/27,9999,10,10,三,,"{'Status': 3, 'Name': '報名', 'Url': '/eweb/GO/V_GO_Detail.asp?MGRUP_CD=HKG-194&GRUP_CD=0HKG190327ZZ&SUB_CD=GO'}",False,False,False,團,/EW/GO/GroupDetail.asp?prodCd=0HKG190327ZZ,/eWeb_asiantour/IMGDB/000293/00007282.JPG
澄心誠意澄果旅遊OrangeTour,0OKA190327MM,4,【樂桃沖繩】自由行4日,2019/03/27,12000,10,10,三,,"{'Status': 3, 'Name': '報名', 'Url': '/eweb/GO/V_GO_Detail.asp?MGRUP_CD=OKA-8&GRUP_CD=0OKA190327MM&SUB_CD=GO'}",False,False,False,團,/EW/GO/GroupDetail.asp?prodCd=0OKA190327MM,/eWeb_asiantour/IMGDB/000002/000125/00003884.JPG
澄心誠意澄果旅遊OrangeTour,0BKK190327IT,5,【臺灣虎航】曼谷自由行5天-X2 Vibe酒店(含稅),2019/03/27,12900,20,20,三,,"{'Status': 3, 'Name': '報名', 'Url': '/EW/GO/GroupOrder.asp?prodCd=0BKK190327IT'}",False,False,False,團,/EW/GO/GroupDetail.asp?prodCd=0BKK190327IT,/eWeb_asiantour/IMGDB/000093/000097/00004192.JPG
澄心誠意澄果旅遊OrangeTour,CEB05190328A,5,台灣虎航-宿霧資生堂島 輕鬆走4+1日,2019/03/28,12900,17,20,四,,"{'Status': 3, 'Name': '報名', 'Url': '/EW/GO/GroupOrder.asp?prodCd=CEB05190328A&sacctNo=70845312'}",False,False,False,團,/EW/GO/GroupDetail.asp?prodCd=CEB05190328A&sacctNo=70845312,http://dcimg.travel.net.tw/70845312/IMGDB/000005/000022/00004569.JPG
澄心誠意澄果旅遊OrangeTour,CEB05190328B,5,台灣虎航-宿霧資生堂島+薄荷島 超值4+1日,2019/03/28,14900,20,20,四,,"{'Status': 3, 'Name': '報名', 'Url': '/EW/GO/GroupOrder.asp?prodCd=CEB05190328B&sacctNo=70845312'}",False,False,False,團,/EW/GO/GroupDetail.asp?prodCd=CEB05190328B&sacctNo=70845312,http://dcimg.travel.net.tw/70845312/IMGDB/000005/000022/00003974.JPG
澄心誠意澄果旅遊OrangeTour,CEB05190328C,5,台灣虎航-宿霧薄荷島五星+鯨鯊 全覽4+1日,2019/03/28,19900,17,20,四,,"{'Status': 3, 'Name': '報名', 'Url': '/EW/GO/GroupOrder.asp?prodCd=CEB05190328C&sacctNo=70845312'}",False,False,False,團,/EW/GO/GroupDetail.asp?prodCd=CEB05190328C&sacctNo=70845312,http://dcimg.travel.net.tw/70845312/IMGDB/000005/000022/00003978.JPG
澄心誠意澄果旅遊OrangeTour,PPS05190328A,5,巴拉望超值五日-FE直飛,2019/03/28,26800,2,10,四,,"{'Status': 3, 'Name': '報名', 'Url': '/EW/GO/GroupOrder.asp?prodCd=PPS05190328A&sacctNo=70845312'}",False,False,False,團,/EW/GO/GroupDetail.asp?prodCd=PPS05190328A&sacctNo=70845312,http://dcimg.travel.net.tw/70845312/IMGDB/000005/000072/000073/00001717.JPG
澄心誠意澄果旅遊OrangeTour,AS0690328ZZA,6,初戀幸福極光 4+1晚 4次遇見極光,2019/03/28,26900,4,4,四,,"{'Status': 3, 'Name': '報名', 'Url': '/EW/GO/GroupOrder.asp?prodCd=AS0690328ZZA'}",False,False,False,團,/EW/GO/GroupDetail.asp?prodCd=AS0690328ZZA,/eweb_asiantour/images/default_demo.jpg
澄心誠意澄果旅遊OrangeTour,BKIMH90328GA,5,迷戀 沙巴美人魚島5日(2人成行),2019/03/28,28000,4,16,四,,"{'Status': 3, 'Name': '報名', 'Url': '/EW/GO/GroupOrder.asp?prodCd=BKIMH90328GA&sacctNo=23420481'}",False,False,False,團,/EW/GO/GroupDetail.asp?prodCd=BKIMH90328GA&sacctNo=23420481,/eweb_asiantour/images/default_demo.jpg
澄心誠意澄果旅遊OrangeTour,BWNBI90328GA,5,汶萊五星帝國酒店．長鼻猴生態５天,2019/03/28,28300,15,16,四,,"{'Status': 3, 'Name': '報名', 'Url': '/EW/GO/GroupOrder.asp?prodCd=BWNBI90328GA&sacctNo=23420481'}",False,False,False,團,/EW/GO/GroupDetail.asp?prodCd=BWNBI90328GA&sacctNo=23420481,/eweb_asiantour/images/default_demo.jpg
澄心誠意澄果旅遊OrangeTour,BWNBI90328GB,5,汶萊五星帝國酒店．烏魯淡武廊國家公園５天,2019/03/28,32800,13,16,四,,"{'Status': 3, 'Name': '報名', 'Url': '/EW/GO/GroupOrder.asp?prodCd=BWNBI90328GB&sacctNo=23420481'}",False,False,False,團,/EW/GO/GroupDetail.asp?prodCd=BWNBI90328GB&sacctNo=23420481,/eweb_asiantour/images/default_demo.jpg
澄心誠意澄果旅遊OrangeTour,NRTCX90328PA,5,【前16名收訂者優惠1千】【旗艦東瀛】東京浪漫櫻‧新宿御苑.千鳥淵.蘆之湖海盜船春風五日,2019/03/28,36900,5,28,四,,"{'Status': 3, 'Name': '報名', 'Url': '/EW/GO/GroupOrder.asp?prodCd=NRTCX90328PA&sacctNo=23420481'}",False,False,False,團,/EW/GO/GroupDetail.asp?prodCd=NRTCX90328PA&sacctNo=23420481,/eweb_asiantour/images/default_demo.jpg
澄心誠意澄果旅遊OrangeTour,OSACX90328PA,5,【前16名收訂者優惠1千】【旗艦東瀛】三都春櫻序‧奈良.梅花鹿公園.琵琶湖.海津大崎風雅五日,2019/03/28,39900,27,28,四,,"{'Status': 3, 'Name': '報名', 'Url': '/EW/GO/GroupOrder.asp?prodCd=OSACX90328PA&sacctNo=23420481'}",False,False,False,團,/EW/GO/GroupDetail.asp?prodCd=OSACX90328PA&sacctNo=23420481,http://dcimg.travel.net.tw/23420481/IMGDB/000519/00005313.JPG
澄心誠意澄果旅遊OrangeTour,AE1190328RJA,11,探索約旦埃及～飄浮死海 佩特拉 悠閒紅海 金字塔 11天,2019/03/28,69900,0,22,四,錯過可惜,"{'Status': 1, 'Name': '請電洽', 'Url': ''}",False,False,True,團,/EW/GO/GroupDetail.asp?prodCd=AE1190328RJA,/eweb_asiantour/images/default_demo.jpg
澄心誠意澄果旅遊OrangeTour,OSACX90329PA,5,【前16名收訂者優惠1千】【旗艦東瀛】三都春櫻序‧奈良.梅花鹿公園.琵琶湖.海津大崎風雅五日,2019/03/29,39900,27,28,五,,"{'Status': 3, 'Name': '報名', 'Url': '/EW/GO/GroupOrder.asp?prodCd=OSACX90329PA&sacctNo=23420481'}",False,False,False,團,/EW/GO/GroupDetail.asp?prodCd=OSACX90329PA&sacctNo=23420481,http://dcimg.travel.net.tw/23420481/IMGDB/000519/00005313.JPG
澄心誠意澄果旅遊OrangeTour,CMBMH90329GA,9,馬航-珍愛斯里蘭卡全覽9日,2019/03/29,63900,5,20,五,,"{'Status': 3, 'Name': '報名', 'Url': '/EW/GO/GroupOrder.asp?prodCd=CMBMH90329GA&sacctNo=23420481'}",False,False,False,團,/EW/GO/GroupDetail.asp?prodCd=CMBMH90329GA&sacctNo=23420481,/eweb_asiantour/images/default_demo.jpg
澄心誠意澄果旅遊OrangeTour,AS0690330ZZA,6,小資奇幻極光 4+1晚 2次遇見極光,2019/03/30,17900,4,4,六,,"{'Status': 3, 'Name': '報名', 'Url': '/EW/GO/GroupOrder.asp?prodCd=AS0690330ZZA'}",False,False,False,團,/EW/GO/GroupDetail.asp?prodCd=AS0690330ZZA,/eweb_asiantour/images/default_demo.jpg
澄心誠意澄果旅遊OrangeTour,NRTCX90330PA,5,【前16名收訂者優惠1千】【旗艦東瀛】東京浪漫櫻‧新宿御苑.千鳥淵.蘆之湖海盜船春風五日,2019/03/30,36900,25,28,六,,"{'Status': 3, 'Name': '報名', 'Url': '/EW/GO/GroupOrder.asp?prodCd=NRTCX90330PA&sacctNo=23420481'}",False,False,False,團,/EW/GO/GroupDetail.asp?prodCd=NRTCX90330PA&sacctNo=23420481,/eweb_asiantour/images/default_demo.jpg
澄心誠意澄果旅遊OrangeTour,KIX190330PRA,5,【聯營團★花漾關西】浪漫逐櫻之旅5日,2019/03/30,37900,17,28,六,,"{'Status': 3, 'Name': '報名', 'Url': '/EW/GO/GroupOrder.asp?prodCd=KIX190330PRA'}",False,False,False,團,/EW/GO/GroupDetail.asp?prodCd=KIX190330PRA,/eweb_asiantour/images/default_demo.jpg
澄心誠意澄果旅遊OrangeTour,OSACX90330PA,5,【前16名收訂者優惠1千】【旗艦東瀛】三都春櫻序‧奈良.梅花鹿公園.琵琶湖.海津大崎風雅五日,2019/03/30,39900,27,28,六,,"{'Status': 3, 'Name': '報名', 'Url': '/EW/GO/GroupOrder.asp?prodCd=OSACX90330PA&sacctNo=23420481'}",False,False,False,團,/EW/GO/GroupDetail.asp?prodCd=OSACX90330PA&sacctNo=23420481,http://dcimg.travel.net.tw/23420481/IMGDB/000519/00005313.JPG
澄心誠意澄果旅遊OrangeTour,ES1090331CAA,10,浪漫愛琴海雙島：聖托里尼、米克諾斯、天空之城、諸神的故鄉、希臘10天之旅,2019/03/31,74900,0,27,日,早鳥前10名付訂優惠價,"{'Status': 1, 'Name': '請電洽', 'Url': ''}",False,False,True,團,/EW/GO/GroupDetail.asp?prodCd=ES1090331CAA,/eweb_asiantour/images/default_demo.jpg
澄心誠意澄果旅遊OrangeTour,BWNBI90401GA,5,汶萊五星帝國酒店．長鼻猴生態５天,2019/04/01,28300,15,16,一,,"{'Status': 3, 'Name': '報名', 'Url': '/EW/GO/GroupOrder.asp?prodCd=BWNBI90401GA&sacctNo=23420481'}",False,False,False,團,/EW/GO/GroupDetail.asp?prodCd=BWNBI90401GA&sacctNo=23420481,/eweb_asiantour/images/default_demo.jpg
澄心誠意澄果旅遊OrangeTour,BWNBI90401GB,5,汶萊五星帝國酒店．烏魯淡武廊國家公園５天,2019/04/01,32800,15,16,一,,"{'Status': 3, 'Name': '報名', 'Url': '/EW/GO/GroupOrder.asp?prodCd=BWNBI90401GB&sacctNo=23420481'}",False,False,False,團,/EW/GO/GroupDetail.asp?prodCd=BWNBI90401GB&sacctNo=23420481,/eweb_asiantour/images/default_demo.jpg
世興旅行社,BKK06190308C,6,酷鳥假期   五星MYTT龍蝦+和牛吃到飽‧航海王爭霸戰‧轉角+河畔雙夜市‧暢萃文創5+1天,2019/03/08,19200,20,20,五,,"{'Status': 3, 'Name': '報名', 'Url': '/EW/GO/GroupOrder.asp?prodCd=BKK06190308C'}",False,False,False,團,/EW/GO/GroupDetail.asp?prodCd=BKK06190308C,/eWeb_newamazing/IMGDB/000100/000102/00006277.JPG
世興旅行社,BKK06190308D,6,酷鳥假期-華欣海龜秘境一島一飯店,2019/03/08,26700,20,20,五,,"{'Status': 3, 'Name': '報名', 'Url': '/EW/GO/GroupOrder.asp?prodCd=BKK06190308D'}",False,False,False,團,/EW/GO/GroupDetail.asp?prodCd=BKK06190308D,/eWeb_newamazing/IMGDB/000100/000105/00006286.JPG
世興旅行社,MIL11190308A,11,【COSTA皇冠號】西地中海郵輪假期11日,2019/03/08,59900,0,32,五,,"{'Status': 2, 'Name': '候補', 'Url': '/EW/GO/GroupOrder.asp?prodCd=MIL11190308A'}",False,False,True,團,/EW/GO/GroupDetail.asp?prodCd=MIL11190308A,/eWeb_newamazing/IMGDB/000143/000179/00005296.JPG
世興旅行社,AKL10190308A,10,【金旅獎】新一品紐西蘭南北島冰河火車峽灣9+1天(奧奧),2019/03/08,83800,2,20,五,,"{'Status': 3, 'Name': '報名', 'Url': '/EW/GO/GroupOrder.asp?prodCd=AKL10190308A'}",False,False,False,團,/EW/GO/GroupDetail.asp?prodCd=AKL10190308A,/eweb_newamazing/images/default_demo.jpg
世興旅行社,YNT05190309A,5,★冬季限定版★ 小資山東體驗~小合掌村、天鵝湖五天(無購物),2019/03/09,12900,0,20,六,,"{'Status': 2, 'Name': '候補', 'Url': '/EW/GO/GroupOrder.asp?prodCd=YNT05190309A'}",False,False,True,團,/EW/GO/GroupDetail.asp?prodCd=YNT05190309A,/eWeb_newamazing/IMGDB/000128/000176/00005324.JPG
世興旅行社,HAN05190309C,5,越來越嗨北越雙龍灣摩天輪五日遊(越捷四星版+購物),2019/03/09,14999,20,20,六,,"{'Status': 3, 'Name': '報名', 'Url': '/EW/GO/GroupOrder.asp?prodCd=HAN05190309C'}",False,False,True,團,/EW/GO/GroupDetail.asp?prodCd=HAN05190309C,/eWeb_newamazing/IMGDB/000152/00005264.JPG
世興旅行社,HAN05190309D,5,越來越超值北越長安雙龍灣五日遊(越捷三星飯店+購物),2019/03/09,15500,20,20,六,,"{'Status': 3, 'Name': '報名', 'Url': '/EW/GO/GroupOrder.asp?prodCd=HAN05190309D'}",False,False,False,團,/EW/GO/GroupDetail.asp?prodCd=HAN05190309D,/eWeb_newamazing/IMGDB/000152/00005259.JPG
世興旅行社,CEB04190309A,5,宿霧~雙跳島~輕鬆走4+1日遊-《二人成行-虎航》,2019/03/09,15900,16,16,六,,"{'Status': 3, 'Name': '報名', 'Url': '/EW/GO/GroupOrder.asp?prodCd=CEB04190309A'}",False,False,False,團,/EW/GO/GroupDetail.asp?prodCd=CEB04190309A,/eWeb_newamazing/IMGDB/000110/000112/00005519.JPG
世興旅行社,CEB04190309B,5,宿霧~雙跳島●歐斯陸~超值4+1日遊-《二人成行-虎航》,2019/03/09,17900,16,16,六,,"{'Status': 3, 'Name': '報名', 'Url': '/EW/GO/GroupOrder.asp?prodCd=CEB04190309B'}",False,False,False,團,/EW/GO/GroupDetail.asp?prodCd=CEB04190309B,/eWeb_newamazing/IMGDB/000110/000112/00007296.JPG
世興旅行社,BKK05190309A,5,驚喜泰越捷時尚遊艇五日【台中直飛】(泰越捷),2019/03/09,18000,20,20,六,,"{'Status': 3, 'Name': '報名', 'Url': '/EW/GO/GroupOrder.asp?prodCd=BKK05190309A'}",False,False,False,團,/EW/GO/GroupDetail.asp?prodCd=BKK05190309A,/eWeb_newamazing/IMGDB/000100/000102/00005940.JPG
世興旅行社,HAN05190309E,5,越來越嗨北越雙龍灣海上VILLA五日遊(越捷四星+皇海號+購物),2019/03/09,19500,20,20,六,,"{'Status': 3, 'Name': '報名', 'Url': '/EW/GO/GroupOrder.asp?prodCd=HAN05190309E'}",False,False,False,團,/EW/GO/GroupDetail.asp?prodCd=HAN05190309E,/eWeb_newamazing/IMGDB/000152/00008511.JPG
世興旅行社,YNT08190309A,8,★冬季版★攻略山東~觀天鵝、海鷗情緣8天(單飛),2019/03/09,19900,0,16,六,,"{'Status': 2, 'Name': '候補', 'Url': '/EW/GO/GroupOrder.asp?prodCd=YNT08190309A'}",False,False,True,團,/EW/GO/GroupDetail.asp?prodCd=YNT08190309A,/eWeb_newamazing/IMGDB/000128/000176/00005505.JPG
世興旅行社,YNT08190309B,8,★冬季版★攻略山東~觀天鵝、海鷗情緣8天(單飛),2019/03/09,19900,0,21,六,,"{'Status': 2, 'Name': '候補', 'Url': '/EW/GO/GroupOrder.asp?prodCd=YNT08190309B'}",False,False,True,團,/EW/GO/GroupDetail.asp?prodCd=YNT08190309B,/eWeb_newamazing/IMGDB/000128/000176/00005505.JPG
世興旅行社,MFM04190309A,4,中國世家~璀璨澳門-港珠澳大橋.歡樂海洋王國.大三巴豪華4天,2019/03/09,20900,16,16,六,,"{'Status': 3, 'Name': '報名', 'Url': '/EW/GO/GroupOrder.asp?prodCd=MFM04190309A'}",False,False,False,團,/EW/GO/GroupDetail.asp?prodCd=MFM04190309A,/eWeb_luckytours/IMGDB/000058/000082/00000594.JPG
世興旅行社,HAK05190309A,5,愛SUN三亞乾靓海南五日,2019/03/09,20900,0,18,六,,"{'Status': 2, 'Name': '候補', 'Url': '/EW/GO/GroupOrder.asp?prodCd=HAK05190309A'}",False,False,False,團,/EW/GO/GroupDetail.asp?prodCd=HAK05190309A,/eWeb_newamazing/IMGDB/000128/000180/00007528.JPG
世興旅行社,CEB04190309C,5,宿霧~薄荷島●歐斯陸~全覽4+1日遊-《二人成行-虎航》,2019/03/09,22900,16,16,六,,"{'Status': 3, 'Name': '報名', 'Url': '/EW/GO/GroupOrder.asp?prodCd=CEB04190309C'}",False,False,False,團,/EW/GO/GroupDetail.asp?prodCd=CEB04190309C,/eWeb_newamazing/IMGDB/000110/000112/00005163.JPG
世興旅行社,BKK05190309B,5,【泰航】玩泰瘋奇幻島五日,2019/03/09,23000,20,20,六,,"{'Status': 3, 'Name': '報名', 'Url': '/EW/GO/GroupOrder.asp?prodCd=BKK05190309B'}",False,False,True,團,/EW/GO/GroupDetail.asp?prodCd=BKK05190309B,/eWeb_luckytours/IMGDB/000001/000003/00000506.JPG
世興旅行社,BKK05190309C,5,【泰航】泰奢華五星半島五日（全程無購物）,2019/03/09,28000,20,20,六,,"{'Status': 3, 'Name': '報名', 'Url': '/EW/GO/GroupOrder.asp?prodCd=BKK05190309C'}",False,False,False,團,/EW/GO/GroupDetail.asp?prodCd=BKK05190309C,/eWeb_luckytours/IMGDB/000001/000003/00000506.JPG
世興旅行社,IST11190309A,11,【土耳其】探索番紅花城神秘驚奇熱氣球之旅11日-QR卡達航空,2019/03/09,29900,0,33,六,,"{'Status': 2, 'Name': '候補', 'Url': '/EW/GO/GroupOrder.asp?prodCd=IST11190309A'}",False,False,True,團,/EW/GO/GroupDetail.asp?prodCd=IST11190309A,/eWeb_luckytours/IMGDB/000143/000188/00003498.JPG
世興旅行社,ESA12190309A,12,【西班牙、葡萄牙】聖家堂＆米拉之家~海之角洛卡岬12日-馬德里進/巴塞隆納出,2019/03/09,49900,0,42,六,,"{'Status': 2, 'Name': '候補', 'Url': '/EW/GO/GroupOrder.asp?prodCd=ESA12190309A'}",False,False,True,團,/EW/GO/GroupDetail.asp?prodCd=ESA12190309A,/eWeb_newamazing/IMGDB/000143/000179/00007374.JPG
世興旅行社,CDG08190309A,8,【送小費】魅力歐洲~荷比法8日~梵谷國家公園凡爾賽萊茵雙遊船,2019/03/09,52900,0,21,六,額滿,"{'Status': 2, 'Name': '候補', 'Url': '/EW/GO/GroupOrder.asp?prodCd=CDG08190309A'}",False,False,True,團,/EW/GO/GroupDetail.asp?prodCd=CDG08190309A,/eWeb_luckytours/IMGDB/000143/000144/00001381.JPG
世興旅行社,SEL05190310C,5,韓國玩粉大~愛寶樂園、小法國村、亂打秀、旗艦美食長腳蟹吃到飽五日【保證不上攝影】,2019/03/10,12900,0,18,日,,"{'Status': 2, 'Name': '候補', 'Url': '/EW/GO/GroupOrder.asp?prodCd=SEL05190310C'}",False,False,True,團,/EW/GO/GroupDetail.asp?prodCd=SEL05190310C,/eWeb_newamazing/IMGDB/000120/00006473.JPG
世興旅行社,BKK06190310D,6,享戀泰國~時尚遊艇夜遊湄南河、168水流蝦燒烤六天【台中】,2019/03/10,16900,20,20,日,,"{'Status': 3, 'Name': '報名', 'Url': '/EW/GO/GroupOrder.asp?prodCd=BKK06190310D'}",False,False,False,團,/EW/GO/GroupDetail.asp?prodCd=BKK06190310D,/eWeb_newamazing/IMGDB/000100/000102/00005118.JPG
世興旅行社,YNT08190310A,8,山東~小歐洲風情.膠東半島.青島漫遊8天,2019/03/10,17900,17,18,日,,"{'Status': 3, 'Name': '報名', 'Url': '/EW/GO/GroupOrder.asp?prodCd=YNT08190310A'}",False,False,False,團,/EW/GO/GroupDetail.asp?prodCd=YNT08190310A,/eWeb_newamazing/IMGDB/000128/000176/00006584.JPG
世興旅行社,BKK06190310E,6,帝寶泰國情緣~人妖秀VIP、黃金海岸人魚灣、360度環景高空酒吧、水上市場、時尚遊艇、泰式指壓六天【台中直飛】(泰越捷),2019/03/10,19900,20,20,日,,"{'Status': 3, 'Name': '報名', 'Url': '/EW/GO/GroupOrder.asp?prodCd=BKK06190310E'}",False,False,False,團,/EW/GO/GroupDetail.asp?prodCd=BKK06190310E,/eWeb_newamazing/IMGDB/000100/000102/00008321.JPG
世興旅行社,YNT08190310B,8,★冬季版★攻略山東~觀天鵝、海鷗情緣8天(單飛),2019/03/10,19900,0,16,日,,"{'Status': 2, 'Name': '候補', 'Url': '/EW/GO/GroupOrder.asp?prodCd=YNT08190310B'}",False,False,True,團,/EW/GO/GroupDetail.asp?prodCd=YNT08190310B,/eWeb_newamazing/IMGDB/000128/000176/00005505.JPG
世興旅行社,CEB05190310B,6,宿霧~薄荷●雙跳島●歐斯陸~超值5+1日-《二人成行-虎航》,2019/03/10,22900,14,16,日,,"{'Status': 3, 'Name': '報名', 'Url': '/EW/GO/GroupOrder.asp?prodCd=CEB05190310B'}",False,False,False,團,/EW/GO/GroupDetail.asp?prodCd=CEB05190310B,/eWeb_newamazing/IMGDB/000110/000112/00005163.JPG
世興旅行社,OSA05190310C,5,京阪神+奈良四都精緻休閒五日-台虎,2019/03/10,23900,0,13,日,,"{'Status': 2, 'Name': '候補', 'Url': '/EW/GO/GroupOrder.asp?prodCd=OSA05190310C'}",False,False,False,團,/EW/GO/GroupDetail.asp?prodCd=OSA05190310C,/eWeb_newamazing/IMGDB/000096/000098/00005976.JPG
世興旅行社,DEL08190310A,8,印度傳奇~印度金三角.泰姬瑪哈陵.貴族皇宮.瑜珈體驗8天,2019/03/10,39900,17,18,日,,"{'Status': 3, 'Name': '報名', 'Url': '/EW/GO/GroupOrder.asp?prodCd=DEL08190310A'}",False,False,False,團,/EW/GO/GroupDetail.asp?prodCd=DEL08190310A,/eWeb_newamazing/IMGDB/000292/00006972.JPG
世興旅行社,TAS07190310A,7,【哈吉假期】銀色烏茲別克斯坦.伊斯蘭風情高鐵七日,2019/03/10,59900,15,16,日,,"{'Status': 3, 'Name': '報名', 'Url': '/EW/GO/GroupOrder.asp?prodCd=TAS07190310A'}",False,False,False,團,/EW/GO/GroupDetail.asp?prodCd=TAS07190310A,/eweb_newamazing/images/default_demo.jpg
世興旅行社,HAN05190311E,5,越來越超值北越長安雙龍灣五日遊(越捷三星飯店+購物),2019/03/11,15500,20,20,一,,"{'Status': 3, 'Name': '報名', 'Url': '/EW/GO/GroupOrder.asp?prodCd=HAN05190311E'}",False,False,False,團,/EW/GO/GroupDetail.asp?prodCd=HAN05190311E,/eWeb_newamazing/IMGDB/000152/00005259.JPG
世興旅行社,HAN05190311D,5,越來越嗨北越雙龍灣摩天輪五日遊(越捷四星版+購物),2019/03/11,16500,20,20,一,,"{'Status': 3, 'Name': '報名', 'Url': '/EW/GO/GroupOrder.asp?prodCd=HAN05190311D'}",False,False,False,團,/EW/GO/GroupDetail.asp?prodCd=HAN05190311D,/eWeb_newamazing/IMGDB/000152/00005264.JPG
世興旅行社,MFM04190311A,4,中國世家~璀璨澳門-港珠澳大橋.歡樂海洋王國.大三巴豪華4天,2019/03/11,18900,16,16,一,,"{'Status': 3, 'Name': '報名', 'Url': '/EW/GO/GroupOrder.asp?prodCd=MFM04190311A'}",False,False,False,團,/EW/GO/GroupDetail.asp?prodCd=MFM04190311A,/eWeb_luckytours/IMGDB/000058/000082/00000594.JPG
世興旅行社,HAN05190311F,5,越來越嗨北越雙龍灣海上VILLA五日遊(越捷四星+皇海號+購物),2019/03/11,19500,20,20,一,,"{'Status': 3, 'Name': '報名', 'Url': '/EW/GO/GroupOrder.asp?prodCd=HAN05190311F'}",False,False,False,團,/EW/GO/GroupDetail.asp?prodCd=HAN05190311F,/eWeb_newamazing/IMGDB/000152/00008511.JPG
世興旅行社,OKA04190311C,4,沖繩兜兜風～恐龍森林公園、海洋博、奇岩萬座毛、琉球體驗四日,2019/03/11,19900,0,10,一,,"{'Status': 2, 'Name': '候補', 'Url': '/EW/GO/GroupOrder.asp?prodCd=OKA04190311C'}",False,False,False,團,/EW/GO/GroupDetail.asp?prodCd=OKA04190311C,/eWeb_newamazing/IMGDB/000096/000178/00005243.JPG
世興旅行社,HAN05190311C,5,「越來越好玩」深度風情北越長安雙龍灣五日(四星飯店)(華信),2019/03/11,20200,0,20,一,,"{'Status': 2, 'Name': '候補', 'Url': '/EW/GO/GroupOrder.asp?prodCd=HAN05190311C'}",False,False,True,團,/EW/GO/GroupDetail.asp?prodCd=HAN05190311C,/eWeb_luckytours/IMGDB/000148/00001439.JPG
世興旅行社,CEB05190311A,5,菲要好玩～歐斯陸鯨鯊、薄荷島、雙跳島5日遊-長榮《六人成行》,2019/03/11,25500,16,16,一,,"{'Status': 3, 'Name': '報名', 'Url': '/EW/GO/GroupOrder.asp?prodCd=CEB05190311A'}",False,False,True,團,/EW/GO/GroupDetail.asp?prodCd=CEB05190311A,/eWeb_luckytours/IMGDB/000038/000039/00000181.JPG
世興旅行社,CEB05190311B,5,菲要好玩～歐斯陸鯨鯊、墨寶沙丁魚風暴5日遊-長榮《六人成行》,2019/03/11,27000,16,16,一,,"{'Status': 3, 'Name': '報名', 'Url': '/EW/GO/GroupOrder.asp?prodCd=CEB05190311B'}",False,False,False,團,/EW/GO/GroupDetail.asp?prodCd=CEB05190311B,/eWeb_luckytours/IMGDB/000038/000039/00000181.JPG
世興旅行社,CEB05190311C,5,菲要好玩～豪華歐斯陸5日-長榮《六人成行》,2019/03/11,29000,16,16,一,,"{'Status': 3, 'Name': '報名', 'Url': '/EW/GO/GroupOrder.asp?prodCd=CEB05190311C'}",False,False,False,團,/EW/GO/GroupDetail.asp?prodCd=CEB05190311C,/eWeb_luckytours/IMGDB/000038/000039/00000181.JPG
世興旅行社,EEA10190311A,10,【奧地利、捷克】愛戀雙國.湖區.溫泉.古堡.音樂之都10-市場最超值,2019/03/11,39900,0,82,一,,"{'Status': 2, 'Name': '候補', 'Url': '/EW/GO/GroupOrder.asp?prodCd=EEA10190311A'}",False,False,True,團,/EW/GO/GroupDetail.asp?prodCd=EEA10190311A,/eWeb_newamazing/IMGDB/000143/000155/00007786.JPG
世興旅行社,YNT05190312A,5,★冬季限定版★ 小資山東體驗~小合掌村、天鵝湖五天(無購物),2019/03/12,12900,0,32,二,,"{'Status': 2, 'Name': '候補', 'Url': '/EW/GO/GroupOrder.asp?prodCd=YNT05190312A'}",False,False,True,團,/EW/GO/GroupDetail.asp?prodCd=YNT05190312A,/eWeb_newamazing/IMGDB/000128/000176/00005324.JPG
世興旅行社,CEB05190312A,6,宿霧~雙跳島~輕鬆走5+1日遊-《二人成行-虎航》,2019/03/12,17500,16,16,二,,"{'Status': 3, 'Name': '報名', 'Url': '/EW/GO/GroupOrder.asp?prodCd=CEB05190312A'}",False,False,False,團,/EW/GO/GroupDetail.asp?prodCd=CEB05190312A,/eWeb_newamazing/IMGDB/000110/000112/00006261.JPG
世興旅行社,INC08190312A,8,寧夏風情~賀蘭山.須彌山石窟.沙漠.送烤全羊8天,2019/03/12,22900,0,17,二,,"{'Status': 2, 'Name': '候補', 'Url': '/EW/GO/GroupOrder.asp?prodCd=INC08190312A'}",False,False,False,團,/EW/GO/GroupDetail.asp?prodCd=INC08190312A,/eweb_newamazing/images/default_demo.jpg
世興旅行社,CEB05190312B,6,宿霧~薄荷●雙跳島●歐斯陸~超值5+1日-《二人成行-虎航》,2019/03/12,23500,16,16,二,,"{'Status': 3, 'Name': '報名', 'Url': '/EW/GO/GroupOrder.asp?prodCd=CEB05190312B'}",False,False,False,團,/EW/GO/GroupDetail.asp?prodCd=CEB05190312B,/eWeb_newamazing/IMGDB/000110/000112/00005163.JPG
世興旅行社,KLO05190312A,5,最美長灘～悠閒五日--宿霧太平洋航空,2019/03/12,24200,4,6,二,,"{'Status': 3, 'Name': '報名', 'Url': '/EW/GO/GroupOrder.asp?prodCd=KLO05190312A'}",False,False,False,團,/EW/GO/GroupDetail.asp?prodCd=KLO05190312A,/eWeb_luckytours/IMGDB/000035/000036/00000178.JPG
世興旅行社,CEB05190312C,6,宿霧~薄荷島~尊爵5+1日遊-《二人成行-虎航》,2019/03/12,27500,16,16,二,,"{'Status': 3, 'Name': '報名', 'Url': '/EW/GO/GroupOrder.asp?prodCd=CEB05190312C'}",False,False,False,團,/EW/GO/GroupDetail.asp?prodCd=CEB05190312C,/eWeb_newamazing/IMGDB/000110/000112/00005520.JPG
世興旅行社,CDG10190312A,10,【典藏歐洲】法國、比利時、荷蘭、盧森堡 四國驚艷10 天,2019/03/12,47900,0,26,二,,"{'Status': 2, 'Name': '候補', 'Url': '/EW/GO/GroupOrder.asp?prodCd=CDG10190312A'}",False,True,True,團,/EW/GO/GroupDetail.asp?prodCd=CDG10190312A,/eWeb_newamazing/IMGDB/000143/000144/00007955.JPG
世興旅行社,SYX05190313D,5,爆滿海南~三亞+興隆全程五星希爾頓飯店5天,2019/03/13,9900,0,25,三,,"{'Status': 2, 'Name': '候補', 'Url': '/EW/GO/GroupOrder.asp?prodCd=SYX05190313D'}",False,False,False,團,/EW/GO/GroupDetail.asp?prodCd=SYX05190313D,/eweb_newamazing/images/default_demo.jpg
世興旅行社,YNT05190313A,5,★冬季限定版★ 小資山東體驗~小合掌村、天鵝湖五天(無購物),2019/03/13,12900,0,29,三,,"{'Status': 2, 'Name': '候補', 'Url': '/EW/GO/GroupOrder.asp?prodCd=YNT05190313A'}",False,False,True,團,/EW/GO/GroupDetail.asp?prodCd=YNT05190313A,/eWeb_newamazing/IMGDB/000128/000176/00005324.JPG
世興旅行社,HAN05190313C,5,越來越嗨北越雙龍灣摩天輪五日遊(越捷四星版+購物),2019/03/13,14999,20,20,三,,"{'Status': 3, 'Name': '報名', 'Url': '/EW/GO/GroupOrder.asp?prodCd=HAN05190313C'}",False,False,True,團,/EW/GO/GroupDetail.asp?prodCd=HAN05190313C,/eWeb_newamazing/IMGDB/000152/00005264.JPG
世興旅行社,HAN05190313D,5,越來越超值北越長安雙龍灣五日遊(越捷三星飯店+購物),2019/03/13,15500,20,20,三,,"{'Status': 3, 'Name': '報名', 'Url': '/EW/GO/GroupOrder.asp?prodCd=HAN05190313D'}",False,False,False,團,/EW/GO/GroupDetail.asp?prodCd=HAN05190313D,/eWeb_newamazing/IMGDB/000152/00005259.JPG
世興旅行社,MFM04190313A,4,中國世家~幻彩澳門-港珠澳大橋.歡樂海洋王國.石景山公園4天,2019/03/13,15900,16,16,三,,"{'Status': 3, 'Name': '報名', 'Url': '/EW/GO/GroupOrder.asp?prodCd=MFM04190313A'}",False,False,False,團,/EW/GO/GroupDetail.asp?prodCd=MFM04190313A,/eWeb_newamazing/IMGDB/000186/00006761.JPG
世興旅行社,SEL05190313A,5,愛玩韓國~豪華遊輪、愛寶樂園、塗鴉秀5日【2晚市區飯店】台北出發-長榮航空,2019/03/13,16000,0,69,三,,"{'Status': 2, 'Name': '候補', 'Url': '/EW/GO/GroupOrder.asp?prodCd=SEL05190313A'}",False,False,True,團,/EW/GO/GroupDetail.asp?prodCd=SEL05190313A,/eWeb_newamazing/IMGDB/000120/00006981.JPG
世興旅行社,BKK06190313D,6,享戀泰國~時尚遊艇夜遊湄南河、168水流蝦燒烤六天【台中】,2019/03/13,16900,20,20,三,,"{'Status': 3, 'Name': '報名', 'Url': '/EW/GO/GroupOrder.asp?prodCd=BKK06190313D'}",False,False,False,團,/EW/GO/GroupDetail.asp?prodCd=BKK06190313D,/eWeb_newamazing/IMGDB/000100/000102/00005118.JPG
世興旅行社,CGO06190313A,6,豫見你唯美河南~林州大峽谷精選6日,2019/03/13,16900,0,17,三,,"{'Status': 2, 'Name': '候補', 'Url': '/EW/GO/GroupOrder.asp?prodCd=CGO06190313A'}",False,True,True,團,/EW/GO/GroupDetail.asp?prodCd=CGO06190313A,/eWeb_newamazing/IMGDB/000128/000161/00006668.JPG
世興旅行社,HAN05190313E,5,越來越嗨北越雙龍灣海上VILLA五日遊(越捷四星+皇海號+購物),2019/03/13,19500,20,20,三,,"{'Status': 3, 'Name': '報名', 'Url': '/EW/GO/GroupOrder.asp?prodCd=HAN05190313E'}",False,False,False,團,/EW/GO/GroupDetail.asp?prodCd=HAN05190313E,/eWeb_newamazing/IMGDB/000152/00008511.JPG
世興旅行社,OKA04190313C,4,沖繩兜兜風～恐龍森林公園、海洋博、奇岩萬座毛、琉球體驗四日,2019/03/13,19900,0,16,三,,"{'Status': 2, 'Name': '候補', 'Url': '/EW/GO/GroupOrder.asp?prodCd=OKA04190313C'}",False,False,False,團,/EW/GO/GroupDetail.asp?prodCd=OKA04190313C,/eWeb_newamazing/IMGDB/000096/000178/00005243.JPG
世興旅行社,BKK06190313E,6,帝寶泰國情緣~人妖秀VIP、黃金海岸人魚灣、360度環景高空酒吧、水上市場、時尚遊艇、泰式指壓六天【台中直飛】(泰越捷),2019/03/13,19900,20,20,三,,"{'Status': 3, 'Name': '報名', 'Url': '/EW/GO/GroupOrder.asp?prodCd=BKK06190313E'}",False,False,False,團,/EW/GO/GroupDetail.asp?prodCd=BKK06190313E,/eWeb_newamazing/IMGDB/000100/000102/00008321.JPG
世興旅行社,YNT08190313A,8,★冬季版★攻略山東~觀天鵝、海鷗情緣8天(單飛),2019/03/13,19900,0,20,三,,"{'Status': 2, 'Name': '候補', 'Url': '/EW/GO/GroupOrder.asp?prodCd=YNT08190313A'}",False,False,False,團,/EW/GO/GroupDetail.asp?prodCd=YNT08190313A,/eWeb_newamazing/IMGDB/000128/000176/00005505.JPG
世興旅行社,BKK06190313C,6,驚喜泰越捷時尚遊艇六日 【台中直飛】(泰越捷),2019/03/13,20000,20,20,三,,"{'Status': 3, 'Name': '報名', 'Url': '/EW/GO/GroupOrder.asp?prodCd=BKK06190313C'}",False,False,False,團,/EW/GO/GroupDetail.asp?prodCd=BKK06190313C,/eWeb_newamazing/IMGDB/000100/000102/00005940.JPG
世興旅行社,KIJ04190313B,4,J新潟傳奇-越後新潟~世界遺產佐渡島小木盆舟採果樂閃耀之宿 四日(週三),2019/03/13,22900,32,33,三,,"{'Status': 3, 'Name': '報名', 'Url': '/EW/GO/GroupOrder.asp?prodCd=KIJ04190313B'}",False,False,True,團,/EW/GO/GroupDetail.asp?prodCd=KIJ04190313B,/eWeb_newamazing/IMGDB/000096/000127/00006326.JPG
世興旅行社,BKK05190313A,5,【泰航】玩泰瘋奇幻島五日,2019/03/13,23000,20,20,三,,"{'Status': 3, 'Name': '報名', 'Url': '/EW/GO/GroupOrder.asp?prodCd=BKK05190313A'}",False,False,True,團,/EW/GO/GroupDetail.asp?prodCd=BKK05190313A,/eWeb_luckytours/IMGDB/000001/000003/00000506.JPG
世興旅行社,KIJ04190313A,4,新潟+藏王樹冰溫泉美食四日-遠東周三出發,2019/03/13,24900,6,35,三,,"{'Status': 3, 'Name': '報名', 'Url': '/EW/GO/GroupOrder.asp?prodCd=KIJ04190313A'}",False,False,True,團,/EW/GO/GroupDetail.asp?prodCd=KIJ04190313A,/eWeb_newamazing/IMGDB/000096/000191/00005778.JPG
世興旅行社,BKK05190313B,5,【泰航】泰奢華五星半島五日（全程無購物）,2019/03/13,28000,20,20,三,,"{'Status': 3, 'Name': '報名', 'Url': '/EW/GO/GroupOrder.asp?prodCd=BKK05190313B'}",False,False,False,團,/EW/GO/GroupDetail.asp?prodCd=BKK05190313B,/eWeb_luckytours/IMGDB/000001/000003/00000506.JPG
世興旅行社,NGO05190313A,5,雪白世界合掌村+新穗高纜車+玩雪溫泉美食五日(名松),2019/03/13,28900,0,32,三,,"{'Status': 2, 'Name': '候補', 'Url': '/EW/GO/GroupOrder.asp?prodCd=NGO05190313A'}",False,False,True,團,/EW/GO/GroupDetail.asp?prodCd=NGO05190313A,/eWeb_newamazing/IMGDB/000096/000099/00006549.JPG
世興旅行社,CDG10190313A,10,【典藏歐洲】法國、比利時、荷蘭、盧森堡 四國驚艷10 天,2019/03/13,47900,0,32,三,,"{'Status': 2, 'Name': '候補', 'Url': '/EW/GO/GroupOrder.asp?prodCd=CDG10190313A'}",False,True,True,團,/EW/GO/GroupDetail.asp?prodCd=CDG10190313A,/eWeb_newamazing/IMGDB/000143/000144/00007955.JPG
世興旅行社,SPU12190313A,12,亞德里亞海~克羅埃西亞.斯洛維尼、波士尼亞三國12日-國航(慕尼黑進出),2019/03/13,49900,0,40,三,,"{'Status': 2, 'Name': '候補', 'Url': '/EW/GO/GroupOrder.asp?prodCd=SPU12190313A'}",False,False,True,團,/EW/GO/GroupDetail.asp?prodCd=SPU12190313A,/eweb_newamazing/images/default_demo.jpg
世興旅行社,MOW10190313A,10,【典藏歐洲】俄羅斯莫斯科+聖彼得堡.杜蘭朵餐廳雙城10天,2019/03/13,53900,11,35,三,,"{'Status': 3, 'Name': '報名', 'Url': '/EW/GO/GroupOrder.asp?prodCd=MOW10190313A'}",False,True,False,團,/EW/GO/GroupDetail.asp?prodCd=MOW10190313A,/eWeb_newamazing/IMGDB/000044/00008308.JPG
世興旅行社,TWN01190314A,1,台北竹子湖海芋花田+金勇農場番茄採果一日遊,2019/03/14,1299,30,30,四,,"{'Status': 3, 'Name': '報名', 'Url': '/EW/GO/GroupOrder.asp?prodCd=TWN01190314A'}",False,False,False,團,/EW/GO/GroupDetail.asp?prodCd=TWN01190314A,/eweb_newamazing/images/default_demo.jpg
世興旅行社,SEL04190314A,4,時尚韓國~冰雪雙樂園、幻多奇秀、勁爆四日【台中長榮】,2019/03/14,11900,0,20,四,,"{'Status': 2, 'Name': '候補', 'Url': '/EW/GO/GroupOrder.asp?prodCd=SEL04190314A'}",False,False,True,團,/EW/GO/GroupDetail.asp?prodCd=SEL04190314A,/eWeb_newamazing/IMGDB/000120/00005912.JPG
世興旅行社,SEL05190314D,5,韓國玩粉大~愛寶樂園、小法國村、亂打秀、旗艦美食長腳蟹吃到飽五日【保證不上攝影】,2019/03/14,13500,0,18,四,,"{'Status': 2, 'Name': '候補', 'Url': '/EW/GO/GroupOrder.asp?prodCd=SEL05190314D'}",False,False,True,團,/EW/GO/GroupDetail.asp?prodCd=SEL05190314D,/eWeb_newamazing/IMGDB/000120/00006473.JPG
世興旅行社,SEL05190314A,5,愛玩韓國~豪華遊輪、愛寶樂園、塗鴉秀5日【2晚市區飯店】台北出發-長榮立榮航空,2019/03/14,15500,20,20,四,,"{'Status': 3, 'Name': '報名', 'Url': '/EW/GO/GroupOrder.asp?prodCd=SEL05190314A'}",False,False,False,團,/EW/GO/GroupDetail.asp?prodCd=SEL05190314A,/eWeb_newamazing/IMGDB/000120/00006981.JPG
世興旅行社,CEB04190314A,5,宿霧~雙跳島~輕鬆走4+1日遊-《二人成行-虎航》,2019/03/14,16500,16,16,四,,"{'Status': 3, 'Name': '報名', 'Url': '/EW/GO/GroupOrder.asp?prodCd=CEB04190314A'}",False,False,False,團,/EW/GO/GroupDetail.asp?prodCd=CEB04190314A,/eWeb_newamazing/IMGDB/000110/000112/00005519.JPG
世興旅行社,SEL05190314B,5,遊韓國～住宿市區酒店2晚【兩餐炒年糕無限量吃到飽】樂天世界、冰雪主題樂園、藍色大海的傳說、幻多奇秀五日-台北長榮立榮,2019/03/14,17000,20,20,四,,"{'Status': 3, 'Name': '報名', 'Url': '/EW/GO/GroupOrder.asp?prodCd=SEL05190314B'}",False,False,False,團,/EW/GO/GroupDetail.asp?prodCd=SEL05190314B,/eWeb_newamazing/IMGDB/000120/00006312.JPG
世興旅行社,CEB04190314B,5,宿霧~雙跳島●歐斯陸~超值4+1日遊-《二人成行-虎航》,2019/03/14,18500,16,16,四,,"{'Status': 3, 'Name': '報名', 'Url': '/EW/GO/GroupOrder.asp?prodCd=CEB04190314B'}",False,False,False,團,/EW/GO/GroupDetail.asp?prodCd=CEB04190314B,/eWeb_newamazing/IMGDB/000110/000112/00007296.JPG
世興旅行社,FKS04190314A,4,日本東北藏王樹冰+戲雪樂+溫泉美食4日-福福,2019/03/14,20900,0,35,四,,"{'Status': 2, 'Name': '候補', 'Url': '/EW/GO/GroupOrder.asp?prodCd=FKS04190314A'}",False,False,True,團,/EW/GO/GroupDetail.asp?prodCd=FKS04190314A,/eWeb_newamazing/IMGDB/000096/000191/00005412.JPG
世興旅行社,CEB04190314C,5,宿霧~薄荷島●歐斯陸~全覽4+1日遊-《二人成行-虎航》,2019/03/14,23500,16,16,四,,"{'Status': 3, 'Name': '報名', 'Url': '/EW/GO/GroupOrder.asp?prodCd=CEB04190314C'}",False,False,False,團,/EW/GO/GroupDetail.asp?prodCd=CEB04190314C,/eWeb_newamazing/IMGDB/000110/000112/00005163.JPG
世興旅行社,OSA05190314D,5,京阪神+奈良四都精緻休閒五日-台虎,2019/03/14,24900,25,26,四,,"{'Status': 3, 'Name': '報名', 'Url': '/EW/GO/GroupOrder.asp?prodCd=OSA05190314D'}",False,False,False,團,/EW/GO/GroupDetail.asp?prodCd=OSA05190314D,/eWeb_newamazing/IMGDB/000096/000098/00005976.JPG
世興旅行社,WAW08190314A,8,波羅的海(愛沙尼亞、拉脫維亞、立陶宛)+波蘭~~四國8天,2019/03/14,39900,0,41,四,,"{'Status': 2, 'Name': '候補', 'Url': '/EW/GO/GroupOrder.asp?prodCd=WAW08190314A'}",False,False,True,團,/EW/GO/GroupDetail.asp?prodCd=WAW08190314A,/eweb_newamazing/images/default_demo.jpg
世興旅行社,TXL10190314A,10,【德國vs捷克雙國】德國柏林.捷克溫泉小鎮.布拉格童話城精彩10日-酷航空,2019/03/14,39900,0,33,四,,"{'Status': 2, 'Name': '候補', 'Url': '/EW/GO/GroupOrder.asp?prodCd=TXL10190314A'}",False,False,True,團,/EW/GO/GroupDetail.asp?prodCd=TXL10190314A,/eWeb_luckytours/IMGDB/000143/000154/00001618.JPG
世興旅行社,MOW08190314A,8,【典藏歐洲】俄羅斯金環、杜蘭朵美食、馬戲團．世界文化遺產８天,2019/03/14,43900,0,26,四,,"{'Status': 2, 'Name': '候補', 'Url': '/EW/GO/GroupOrder.asp?prodCd=MOW08190314A'}",False,True,True,團,/EW/GO/GroupDetail.asp?prodCd=MOW08190314A,/eweb_newamazing/images/default_demo.jpg
世興旅行社,SPU12190314A,12,亞德里亞海~克羅埃西亞.斯洛維尼、波士尼亞三國12日-國航,2019/03/14,49900,0,42,四,,"{'Status': 2, 'Name': '候補', 'Url': '/EW/GO/GroupOrder.asp?prodCd=SPU12190314A'}",False,False,True,團,/EW/GO/GroupDetail.asp?prodCd=SPU12190314A,/eweb_newamazing/images/default_demo.jpg
世興旅行社,AMS10190314A,10,魅力歐洲~德瑞法10日~萊茵三遊船、海德堡纜車、全覽鐵力士山、凱旋門登頂,2019/03/14,83900,26,26,四,,"{'Status': 3, 'Name': '報名', 'Url': '/EW/GO/GroupOrder.asp?prodCd=AMS10190314A'}",False,False,False,團,/EW/GO/GroupDetail.asp?prodCd=AMS10190314A,/eWeb_luckytours/IMGDB/000143/000144/00001381.JPG
世興旅行社,TWN01190315A,1,台北竹子湖海芋花田+金勇農場番茄採果一日遊,2019/03/15,1299,0,40,五,,"{'Status': 2, 'Name': '候補', 'Url': '/EW/GO/GroupOrder.asp?prodCd=TWN01190315A'}",False,False,False,團,/EW/GO/GroupDetail.asp?prodCd=TWN01190315A,/eweb_newamazing/images/default_demo.jpg
世興旅行社,CJU04190315B,4,易起玩濟州~中央地下街、偶來小徑、藥泉寺、亂打秀四天(易斯達航空),2019/03/15,7999,0,32,五,,"{'Status': 2, 'Name': '候補', 'Url': '/EW/GO/GroupOrder.asp?prodCd=CJU04190315B'}",False,False,True,團,/EW/GO/GroupDetail.asp?prodCd=CJU04190315B,/eWeb_newamazing/IMGDB/000120/00007223.JPG
世興旅行社,YNT05190315A,5,★冬季限定版★ 小資山東體驗~小合掌村、天鵝湖五天(無購物),2019/03/15,12900,0,20,五,,"{'Status': 2, 'Name': '候補', 'Url': '/EW/GO/GroupOrder.asp?prodCd=YNT05190315A'}",False,False,True,團,/EW/GO/GroupDetail.asp?prodCd=YNT05190315A,/eWeb_newamazing/IMGDB/000128/000176/00005324.JPG
世興旅行社,CJU04190315A,4,花遊濟州~噢雪綠茶博物館促銷4日-遠東,2019/03/15,13900,13,33,五,,"{'Status': 3, 'Name': '報名', 'Url': '/EW/GO/GroupOrder.asp?prodCd=CJU04190315A'}",False,False,True,團,/EW/GO/GroupDetail.asp?prodCd=CJU04190315A,/eWeb_newamazing/IMGDB/000120/00005151.JPG
世興旅行社,CJU05190315A,5,秋收冬藏愛濟州-塗鴉馬術雙秀、迷宮樂園、汗蒸幕、鐵路自行車五日【全程特二五花+保証不上攝影師】-虎航,2019/03/15,13900,0,18,五,,"{'Status': 2, 'Name': '候補', 'Url': '/EW/GO/GroupOrder.asp?prodCd=CJU05190315A'}",False,False,False,團,/EW/GO/GroupDetail.asp?prodCd=CJU05190315A,/eWeb_newamazing/IMGDB/000120/00005151.JPG
世興旅行社,HAN05190315D,5,「越來越好玩」深度風情北越長安雙龍灣五日(四星飯店)(華信),2019/03/15,20700,18,18,五,,"{'Status': 3, 'Name': '報名', 'Url': '/EW/GO/GroupOrder.asp?prodCd=HAN05190315D'}",False,False,False,團,/EW/GO/GroupDetail.asp?prodCd=HAN05190315D,/eWeb_luckytours/IMGDB/000148/00001439.JPG
世興旅行社,HAN05190315A,5,「越來越好玩」深度風情北越長安雙龍灣五日--華航,2019/03/15,20700,0,23,五,,"{'Status': 2, 'Name': '候補', 'Url': '/EW/GO/GroupOrder.asp?prodCd=HAN05190315A'}",False,False,False,團,/EW/GO/GroupDetail.asp?prodCd=HAN05190315A,/eWeb_luckytours/IMGDB/000148/00001439.JPG
世興旅行社,KWL05190315A,5,遊山玩水瘋桂林～灕江精華+印象劉三姐五日(無購物、無自費),2019/03/15,20800,0,16,五,,"{'Status': 2, 'Name': '候補', 'Url': '/EW/GO/GroupOrder.asp?prodCd=KWL05190315A'}",False,False,True,團,/EW/GO/GroupDetail.asp?prodCd=KWL05190315A,/eWeb_newamazing/IMGDB/000128/000167/00005811.JPG
世興旅行社,WUX05190315A,5,中國世家~禪意拈花灣.船遊太湖饗宴.古城江南5天,2019/03/15,20900,16,16,五,,"{'Status': 3, 'Name': '報名', 'Url': '/EW/GO/GroupOrder.asp?prodCd=WUX05190315A'}",False,False,False,團,/EW/GO/GroupDetail.asp?prodCd=WUX05190315A,/eweb_newamazing/images/default_demo.jpg
世興旅行社,KIJ04190315B,4,J新潟傳奇-越後新潟~世界遺產佐渡島小木盆舟採果樂閃耀之宿 四日,2019/03/15,22900,39,40,五,,"{'Status': 3, 'Name': '報名', 'Url': '/EW/GO/GroupOrder.asp?prodCd=KIJ04190315B'}",False,False,True,團,/EW/GO/GroupDetail.asp?prodCd=KIJ04190315B,/eWeb_newamazing/IMGDB/000096/000127/00005364.JPG
世興旅行社,HAN05190315B,5,「越來越好玩」尊爵風情北越長安雙龍灣摩天輪五日--華航,2019/03/15,24200,18,18,五,,"{'Status': 3, 'Name': '報名', 'Url': '/EW/GO/GroupOrder.asp?prodCd=HAN05190315B'}",False,False,False,團,/EW/GO/GroupDetail.asp?prodCd=HAN05190315B,/eWeb_newamazing/IMGDB/000152/00005266.JPG
世興旅行社,KIJ04190315A,4,新潟+藏王樹冰溫泉美食四日-遠東周五出發,2019/03/15,26900,34,35,五,,"{'Status': 3, 'Name': '報名', 'Url': '/EW/GO/GroupOrder.asp?prodCd=KIJ04190315A'}",False,False,True,團,/EW/GO/GroupDetail.asp?prodCd=KIJ04190315A,/eWeb_newamazing/IMGDB/000096/000191/00005786.JPG
世興旅行社,HRB08190315A,8,東北長白山.牡丹江.鏡泊湖.伏爾加莊園8天,2019/03/15,26900,15,16,五,,"{'Status': 3, 'Name': '報名', 'Url': '/EW/GO/GroupOrder.asp?prodCd=HRB08190315A'}",False,False,False,團,/EW/GO/GroupDetail.asp?prodCd=HRB08190315A,/eWeb_newamazing/IMGDB/000128/000142/00006153.JPG
世興旅行社,HGH08190315A,8,最憶中國~黃山千島湖.杭州西溪溼地8天【山上2晚.無購物】,2019/03/15,29900,19,20,五,,"{'Status': 3, 'Name': '報名', 'Url': '/EW/GO/GroupOrder.asp?prodCd=HGH08190315A'}",False,False,False,團,/EW/GO/GroupDetail.asp?prodCd=HGH08190315A,/eWeb_newamazing/IMGDB/000128/000133/00005338.JPG
世興旅行社,HAN05190315C,5,「越來越好玩」奢華雅儷北越雙龍灣海上VILLA五日遊--華航,2019/03/15,33700,18,18,五,,"{'Status': 3, 'Name': '報名', 'Url': '/EW/GO/GroupOrder.asp?prodCd=HAN05190315C'}",False,False,False,團,/EW/GO/GroupDetail.asp?prodCd=HAN05190315C,/eWeb_newamazing/IMGDB/000152/00005267.JPG
世興旅行社,USM05190315A,5,樂活蘇梅島-安通國家公園+獨木舟5日遊(兩人成行.含小費),2019/03/15,41500,2,2,五,,"{'Status': 3, 'Name': '報名', 'Url': '/EW/GO/GroupOrder.asp?prodCd=USM05190315A'}",False,False,False,團,/EW/GO/GroupDetail.asp?prodCd=USM05190315A,/eWeb_luckytours/IMGDB/000041/000042/00000218.JPG
世興旅行社,AUCIMB90315A,9,大圓滿升級版~ 奢華凡賽斯 東澳全覽三城9天(包小費),2019/03/15,66900,21,22,五,,"{'Status': 3, 'Name': '報名', 'Url': '/EW/GO/GroupOrder.asp?prodCd=AUCIMB90315A&sacctNo=27978086'}",False,False,False,團,/EW/GO/GroupDetail.asp?prodCd=AUCIMB90315A&sacctNo=27978086,http://dcimg.travel.net.tw/27978086/IMGDB/000000/00000160.GIF
